state,year,wind_gwh,solar_gwh,total_gen_gwh,co2_tons,gdp_capita,income_pc,unemployment,rps_enact,rps_eff,deregulation,disc_enact,disc_eff,sale_tax,corp_tax,prop_tax,wind_solar_gwh,renewable_share
AK,2001,950.0,0.0,4906385.0,4590847.0,40690.0,31666.0,6.2,0.0,0.0,0.0,0.0,1.0,0.0,0.0,0.0,950.0,0.00019362524547095265
AK,2002,0.0,0.0,4535167.0,4412585.0,43622.0,32258.0,7.1,0.0,0.0,0.0,0.0,1.0,0.0,0.0,0.0,0.0,0.0
AK,2003,0.0,0.0,4774223.0,3947059.0,42130.0,32570.0,7.7,0.0,0.0,0.0,0.0,1.0,0.0,0.0,0.0,0.0,0.0
AK,2004,0.0,0.0,4968221.0,4730932.0,43781.0,33941.0,7.3999999999999995,0.0,0.0,0.0,0.0,1.0,0.0,0.0,0.0,0.0,0.0
AK,2005,589.0,0.0,5117377.0,4323457.0,43864.0,36084.0,6.8999999999999995,0.0,0.0,0.0,0.0,1.0,0.0,0.0,0.0,589.0,0.00011509802775914301
AK,2006,788.001,0.0,5498773.0,4584739.0,45136.0,38344.0,6.5,0.0,0.0,0.0,0.0,1.0,0.0,0.0,0.0,788.001,0.00014330487910666615
AK,2007,1012.0,0.0,5511872.0,,44962.0,40042.0,6.2,0.0,0.0,0.0,0.0,1.0,0.0,0.0,0.0,1012.0,0.0001836036831043972
AL,2001,0.0,0.0,79849470.0,78375702.51317641,27177.51325,25347.253,4.605058,0.0,0.0,0.0,0.074231185,1.0,0.0,0.0,0.0,0.0,0.0
AL,2002,0.0,0.0,84384587.0,81272215.26859775,27536.99175,25969.82825,5.3296732250000005,0.0,0.0,0.0,0.09814084,1.0,0.0,0.0,0.0,0.0,0.0
AL,2003,0.0,0.0,85323271.0,81323321.96451329,28224.48325,26813.91525,5.3109891750000005,0.0,0.0,0.0,0.09643147,1.0,0.0,0.0,0.0,0.0,0.0
AL,2004,0.0,0.0,82754178.0,81876194.01026602,29373.57625,28383.89125,4.9497055,0.0,0.0,0.0,0.10743977,1.0,0.0,0.0,0.0,0.0,0.0
AL,2005,0.0,0.0,83513586.0,85688744.01984954,30110.6955,29854.06875,4.008055175,0.0,0.0,0.0,0.091391385,1.0,0.0,0.0,0.0,0.0,0.0
AL,2006,0.0,0.0,83528632.0,86950909.84523909,30287.5705,31250.038249999998,3.6546735,0.0,0.0,0.0,0.11108979,1.0,0.17091173899075,0.02777457399075,0.0,0.0,0.0
AL,2007,0.0,0.0,81352185.0,,30665.605,32747.076500000003,3.69869775,0.0,0.0,0.0,0.09824232,1.0,0.1918104846325,0.024587489632499997,0.0,0.0,0.0
AR,2001,0.0,0.0,12982045.0,29092846.60515136,25226.054384615385,23244.563076923077,4.736109507692308,0.0,0.0,1.0,0.0,1.0,0.0,0.011760203076923076,0.0,0.0,0.0
AR,2002,0.0,0.0,12142797.0,28337575.980310187,25804.05615384615,23631.024769230768,5.35231523076923,0.0,0.0,1.0,0.0,1.0,0.0,0.015309296923076922,0.0,0.0,0.0
AR,2003,0.0,0.0,12737093.0,28507371.324334305,26325.280384615387,24620.119000000002,5.8669854307692315,0.0,0.0,0.0,0.0,1.0,0.0,0.011226626923076922,0.0,0.0,0.0
AR,2004,0.0,0.0,14243943.0,30383002.6847531,27322.03953846154,25979.82323076923,5.693314092307692,0.0,0.0,0.0,0.0,1.0,0.0,0.012964358461538462,0.0,0.0,0.0
AR,2005,0.0,0.0,12878631.0,28698702.762435123,27644.275153846153,27151.14523076923,5.252584176923076,0.0,0.0,0.0,0.0,1.0,0.0,0.013744832307692308,0.0,0.0,0.0
AR,2006,0.0,0.0,13585096.0,30256359.693346262,27920.235,28695.15,5.260785946153846,0.0,0.0,0.0,0.0,1.0,0.0,0.08493583615384616,0.0,0.0,0.0
AR,2007,0.0,0.0,14572269.0,,28110.67430769231,30401.270538461536,5.1103390307692305,0.0,0.0,0.0,0.0,1.0,0.0,0.11084573461538462,0.0,0.0,0.0
AZ,2001,0.0,708.0,64885291.0,40240779.05183822,31017.54225,26483.338125,4.63527645,1.0,1.0,1.0,0.0,1.0,0.773800075375,0.120944805,0.021908332875000002,708.0,1.0911563916697238e-05
AZ,2002,0.0,862.0,60720816.0,39249956.18815472,30869.7595,26792.839875,5.6976505,1.0,1.0,1.0,0.0,1.0,0.7676767205,0.21355571625000003,0.023650400499999998,862.0,1.419612015754202e-05
AZ,2003,0.0,694.0,57883904.0,39107085.93486617,27316.6854875,23647.5696625,5.0369981125,1.0,1.0,0.0,0.0,1.0,0.75878994925,0.10448311625000001,0.02149259675,694.0,1.1989516118332308e-05
AZ,2004,0.0,4562.001,61184592.0,43446334.90355301,27665.268575000002,25164.790225,4.4830052325,1.0,1.0,0.0,0.0,1.0,0.76238203675,0.09738985,0.024993784249999998,4562.001,7.456127189668929e-05
AZ,2005,0.0,21998.0,64501348.0,43004701.29576972,28890.1363625,26842.95255,4.10761099125,1.0,1.0,0.0,0.0,1.0,0.76729716175,0.092382140625,0.0250863655,21998.0,0.00034104713594512785
AZ,2006,19067.0,19278.001,66680496.0,46180162.96744615,31066.783333333333,29590.179511111113,3.7630886177777776,1.0,1.0,0.0,1.0,1.0,0.6801901026666667,0.7602535622222223,0.6977143182222222,38345.001000000004,0.0005750557254403147
AZ,2007,58596.001,8027.001,68668467.0,,30967.45607777778,30374.69332222222,3.550654851111111,1.0,1.0,0.0,1.0,1.0,0.7821056026666667,0.7531827155555555,0.6996802137777778,66623.002,0.00097021245574042
CA,2001,59396.998,2842.0,109487680.0,79112153.93174368,36003.77874137931,31621.27082758621,5.223007913793103,1.0,0.9676492,1.0,1.0,1.0,0.05366839034482758,0.07467506886078103,0.12196414381051725,62238.998,0.0005684566336596044
CA,2002,56090.001000000004,2806.0,110662402.0,70619003.21958381,36034.22203448276,31612.72275862069,6.428099268965517,1.0,1.0,1.0,1.0,1.0,0.05478337,0.16356664810685345,0.12112986996689655,58896.001000000004,0.0005322132895687553
CA,2003,267311.42,1948.0,115944154.0,67844213.90665703,36738.621366666666,32416.21183333333,6.575968361666667,1.0,1.0,1.0,1.0,1.0,0.06593406483333333,0.15914165324813334,0.11588607009016667,269259.42,0.00232231993343968
CA,2004,751598.599,1960.0,112075641.0,71476221.71202107,38163.24813333333,34251.942383333335,6.015889566666667,1.0,1.0,1.0,1.0,1.0,0.066069652742655,0.161593217242655,0.11754407779283334,753558.599,0.00672366084437563
CA,2005,1110722.9587865,2012.0,123645919.0,71932261.06185883,39251.63998275862,36048.34,5.285591587931035,1.0,1.0,1.0,1.0,1.0,0.08490288901212069,0.18399740194315517,0.1390262740212069,1112734.9587865,0.008999366641340585
CA,2006,1854925.574757,1948.0,125265818.0,73033464.57334134,40347.35811864407,38407.08345762712,4.751988130508474,1.0,1.0,1.0,1.0,1.0,0.07829081858533898,0.21171619028025424,0.16384780593220338,1856873.574757,0.014823465845702617
CA,2007,1762514.995286,2049.0,115865397.0,,40666.89052830188,40143.49084905661,4.979986311320755,1.0,1.0,1.0,1.0,1.0,0.18136274411071698,0.21268741278996228,0.14180820471698113,1764563.995286,0.015229430364667028
CN,2001,0.0,0.0,0.0,29482318.666666668,39031.0,35063.666666666664,4.366666666666667,1.0,0.0,1.0,1.0,1.0,0.3333333333333333,0.3333333333333333,1.0,0.0,
CN,2002,0.0,0.0,0.0,27979186.333333332,38940.666666666664,35257.666666666664,5.533333333333334,1.0,0.0,1.0,1.0,1.0,0.3333333333333333,0.3333333333333333,1.0,0.0,
CN,2003,0.0,0.0,0.0,28848900.666666668,39900.0,36077.333333333336,5.866666666666667,1.0,1.0,1.0,1.0,1.0,0.3333333333333333,0.3333333333333333,1.0,0.0,
CN,2004,0.0,0.0,0.0,28564980.0,40943.0,38044.333333333336,5.3999999999999995,1.0,1.0,1.0,1.0,1.0,0.3333333333333333,0.3333333333333333,1.0,0.0,
CN,2005,0.0,0.0,0.0,29956294.0,41614.666666666664,39890.333333333336,4.966666666666666,1.0,1.0,1.0,1.0,1.0,1.0,0.3333333333333333,1.0,0.0,
CN,2006,0.0,0.0,0.0,25727202.666666668,43173.0,42566.0,4.8,1.0,1.0,1.0,1.0,1.0,1.0,0.3333333333333333,1.0,0.0,
CN,2007,0.0,0.0,0.0,,44210.0,45062.666666666664,4.733333333333333,1.0,1.0,1.0,1.0,1.0,1.0,0.3333333333333333,1.0,0.0,
CO,2001,38764.0,0.0,60175734.0,50186782.398766086,38371.40961904762,33496.11576190476,3.9677670714285718,0.90929466,0.31891584,0.99858075,1.0,1.0,0.015186468571428571,0.04531233428571429,0.9236832985714285,38764.0,0.0006441799280753268
CO,2002,59987.0,0.0,57939845.0,49595620.487230465,37957.736952380954,33105.865047619045,5.7293663809523805,1.0,0.92058533,0.9810742,1.0,1.0,0.025127521428571425,0.06112070047619048,0.9171720161904763,59987.0,0.0010353324210653307
CO,2003,58609.08,0.0,59778190.0,49497195.78782797,37943.646238095236,33300.73723809524,6.1031550476190475,1.0,0.9278936,0.76916033,1.0,1.0,0.03785592714285715,0.06386243904761905,0.9148774228571429,58609.08,0.0009804425326360668
CO,2004,67833.999,0.0,58874216.0,49628311.79815056,38418.37961904762,34856.44057142857,5.592171685714286,1.0,0.92014337,0.7649323,1.0,1.0,0.03868231666666667,0.06514960114285714,0.91265412,67833.999,0.0011521851772939107
CO,2005,58426.001000000004,0.0,58388673.0,49701621.408959396,39515.967476190475,36805.496190476195,5.090037409523809,1.0,0.91243166,0.7597156,1.0,1.0,0.03872834428571429,0.06911079604761905,0.9096339304761905,58426.001000000004,0.001000639302078333
CO,2006,61958.998999999996,0.0,60479630.0,50453159.01740217,40094.851142857144,38872.96080952381,4.4025252904761905,1.0,1.0,0.7651236,1.0,1.0,0.060312792380952385,0.0914165819047619,0.9335151052380952,61958.998999999996,0.0010244606159131595
CO,2007,58831.001000000004,0.0,61613243.0,,40222.75571428571,40502.19776190476,3.9274519999999997,1.0,1.0,0.76185846,1.0,1.0,0.9180858304761905,0.08887691714285714,0.9382309423809523,58831.001000000004,0.0009548434416932087
CT,2001,0.0,0.0,5524728.0,14007371.423827862,43105.138875,39554.4075,3.3854664000000003,1.0,1.0,1.0,1.0,1.0,0.125,0.125,0.21185775875,0.0,0.0
CT,2002,0.0,0.0,2637092.0,14018302.881769774,43380.23925,40130.172375,4.62736985,1.0,1.0,1.0,1.0,1.0,0.125,0.125,0.125,0.0,0.0
CT,2003,0.0,0.0,1120897.0,13668660.948597524,43534.131625,40487.308125,5.6015405375,1.0,1.0,1.0,1.0,1.0,0.125,0.125,0.125,0.0,0.0
CT,2004,0.0,0.0,940533.0,12018017.479577271,46314.17111111111,42400.47044444444,4.837258288888889,1.0,1.0,1.0,1.0,1.0,0.1111111111111111,0.1111111111111111,0.1111111111111111,0.0,0.0
CT,2005,0.0,0.0,1065199.0,20174693.638823994,46337.07075,45236.586,4.976834675,1.0,1.0,1.0,1.0,1.0,0.125,0.14814329375,0.14814329375,0.0,0.0
CT,2006,0.0,0.0,803114.0,19923911.11222418,47520.309499999996,48198.4613,4.5929321000000005,1.0,1.0,1.0,1.0,1.0,0.947088277,0.32637241,0.29231936999999997,0.0,0.0
CT,2007,0.0,0.0,37362.0,,48703.9728,51238.5374,4.60130397,1.0,1.0,1.0,1.0,1.0,0.949380141,0.319426145,0.918696043,0.0,0.0
DC,2001,0.0,0.0,33276.0,65134619.5,28064.0,27496.5,4.65,0.0,0.0,1.0,0.56816876,1.0,0.0,0.5,0.5,0.0,0.0
DC,2002,0.0,0.0,1682.0,67609984.5,28609.0,28080.0,5.05,0.0,0.0,1.0,0.57428914,1.0,0.0,0.5,0.5,0.0,0.0
DC,2003,0.0,0.0,1606.0,68870526.0,29424.0,29176.0,5.0,0.0,0.0,1.0,0.57880527,1.0,0.0,0.5,0.5,0.0,0.0
DC,2004,0.0,0.0,1908.0,70480932.5,29837.5,30713.5,4.7,1.0,1.0,1.0,0.57561934,1.0,0.0,0.5,0.5,0.0,0.0
DC,2005,0.0,0.0,2231.0,73130825.0,30612.5,32105.0,4.35,1.0,1.0,1.0,0.57168293,1.0,0.0,0.5,0.5,0.0,0.0
DC,2006,0.0,0.0,2260.0,19086919.0,27594.0,31061.0,3.3,1.0,0.0,1.0,0.5697486,1.0,0.0,1.0,1.0,0.0,0.0
DC,2007,0.0,0.0,1230.0,,28237.0,33225.0,3.4,1.0,0.0,1.0,0.56847966,1.0,0.0,1.0,1.0,0.0,0.0
DE,2001,0.0,0.0,4318222.0,41074701.47828603,44787.766,33619.6696,4.39679047,0.86543566,0.86543566,1.0,1.0,1.0,0.146419126,0.0,0.1,0.0,0.0
DE,2002,0.0,0.0,2505488.0,45298977.012525976,43947.888,33504.623999999996,5.34636375,1.0,0.8181885,1.0,1.0,1.0,0.08181885,0.0,0.1,0.0,0.0
DE,2003,0.0,0.0,2757765.0,44710254.82433478,45092.447700000004,34234.082,5.506766600000001,1.0,1.0,1.0,1.0,1.0,0.083832955,0.0,0.1,0.0,0.0
DE,2004,0.0,0.0,2257490.0,48217189.9063166,46038.085,35924.733,5.04728817,1.0,1.0,1.0,1.0,1.0,0.06542369,0.0,0.1,0.0,0.0
DE,2005,0.0,0.0,2251913.0,48101627.92907165,47557.7863,37469.186,4.72675196,1.0,1.0,1.0,1.0,1.0,0.16649611,0.0,0.1,0.0,0.0
DE,2006,0.0,0.0,1829690.0,43058179.333333336,48545.88888888889,39676.555555555555,4.166666666666667,1.0,1.0,1.0,1.0,1.0,0.1111111111111111,0.0,0.1111111111111111,0.0,0.0
DE,2007,0.0,0.0,142221.0,,47993.555555555555,41486.0,4.2444444444444445,1.0,1.0,1.0,1.0,1.0,0.1111111111111111,0.0,0.2222222222222222,0.0,0.0
FL,2001,334936.0,0.0,180996532.0,120319359.94825172,29584.783185185184,29154.15762962963,4.710427722222223,0.0027254536,0.0,0.0,1.0,1.0,0.00010094272592592592,0.0,0.00010094272592592592,334936.0,0.0018505105943134865
FL,2002,291300.0,0.0,192520935.0,122144093.28016903,29817.57066666667,29627.452555555556,5.702646485185186,0.0025411812,0.0025205913,0.0,1.0,1.0,9.335523333333333e-05,0.0,9.335523333333333e-05,291300.0,0.0015130822006448287
FL,2003,325919.0,0.0,200544084.0,127458627.2970865,30719.07369230769,30300.48834615385,5.301413880769231,0.0022393172,0.0022393172,0.0,1.0,1.0,8.535223846153846e-05,0.0,8.532616153846155e-05,325919.0,0.0016251738445697557
FL,2004,1258170.0,0.0,205124836.0,128640030.14462125,31670.831962962962,32584.146851851852,4.710549877777778,0.008748545,0.008748545,0.0,1.0,1.0,0.00017427235555555557,5.8751396296296296e-05,0.00014603705555555556,1258170.0,0.006133679492618826
FL,2005,1196185.001,0.0,210498920.0,129286771.10308136,33203.12633333333,34619.15940740741,3.8383382333333333,0.006839357,0.006839357,0.0,1.0,1.0,0.00013412355555555557,5.454952222222223e-05,0.00011474516666666667,1196185.001,0.005682618233860772
FL,2006,1250819.0,0.0,213380721.0,125553489.63812791,33780.10011111111,36997.36362962963,3.4326232037037037,0.0068883705,0.0068883705,0.0,1.0,1.0,0.9922982718518518,0.9865610066666667,0.00016168477777777778,1250819.0,0.005861911957828655
FL,2007,1328725.0,0.0,214946031.0,,33411.335785714284,38272.89060714286,4.129701535714285,0.008692579,0.008692579,0.0,1.0,1.0,0.9874501807142858,0.9825713307142857,0.00021374051071428572,1328725.0,0.006181667992743722
GA,2001,0.0,0.0,102323344.0,73938207.29938222,34675.27692307692,28764.422,4.15454266923077,0.0,0.0,0.0,1.0,1.0,0.0,0.0,0.0,0.0,0.0
GA,2002,0.0,0.0,103391247.0,78805770.40526631,34281.44323076923,28769.144461538464,4.981930869230769,1.0,0.0,0.0,1.0,1.0,0.0,0.0,0.0,0.0,0.0
GA,2003,0.0,0.0,107005894.0,75495430.02786364,34334.87972727273,29024.236090909093,5.064951545454545,1.0,1.0,0.0,1.0,1.0,0.0,0.0,0.0,0.0,0.0
GA,2004,0.0,0.0,108519746.0,78814249.05432485,35022.12025,30120.79133333333,4.882197425,1.0,1.0,0.0,1.0,1.0,0.0,0.0,0.0,0.0,0.0
GA,2005,0.0,0.0,117696898.0,85004826.43402268,35599.85846153846,31628.01646153846,5.255564307692309,1.0,1.0,0.0,1.0,1.0,0.0,0.0,0.0,0.0,0.0
GA,2006,0.0,0.0,118787773.0,79510291.7972375,35574.83130769231,33239.403846153844,4.692702876923077,1.0,1.0,1.0,1.0,1.0,0.8911339692307693,0.02672905596153846,0.07692307692307693,0.0,0.0
GA,2007,0.0,0.0,123021630.0,,35706.73975,34113.74575,4.683285475,1.0,1.0,0.0,1.0,1.0,0.8782458025,0.02830053385,0.0,0.0,0.0
HI,2001,2110.0,0.0,6042468.0,8707882.0,33356.0,28840.0,4.2,0.0,0.0,0.0,0.0,1.0,0.0,1.0,0.0,2110.0,0.00034919506400364885
HI,2002,1605.0,0.0,6249699.0,9243212.0,33480.0,29632.0,4.0,0.0,0.0,0.0,0.0,1.0,0.0,1.0,0.0,1605.0,0.00025681236808364693
HI,2003,1562.0,0.0,6711518.0,8651735.0,34385.0,30555.0,3.9,0.0,0.0,0.0,0.0,1.0,0.0,1.0,0.0,1562.0,0.00023273423389462712
HI,2004,1486.0,0.0,7005120.0,9099679.0,35665.0,32782.0,3.2,1.0,0.0,0.0,0.0,1.0,0.0,1.0,0.0,1486.0,0.0002121305559362295
HI,2005,1697.0,0.0,6920049.0,9030648.0,37122.0,34885.0,2.7,1.0,1.0,0.0,0.0,1.0,0.0,1.0,0.0,1697.0,0.0002452294774213304
HI,2006,840.0,0.0,7052256.0,9036354.0,37975.0,37117.0,2.5,1.0,1.0,0.0,0.0,1.0,0.0,1.0,0.0,840.0,0.00011911082070758634
HI,2007,437.0,0.0,6940557.0,,39034.0,39242.0,2.6,1.0,1.0,0.0,0.0,1.0,0.0,1.0,0.0,437.0,6.296324632158485e-05
IA,2001,10413.001,0.0,27547264.0,41433661.72917767,30580.850112359552,27186.049820224718,3.32361912247191,1.0,1.0,1.0,1.0,1.0,0.0,0.0,0.9887527988764045,10413.001,0.0003780049082188344
IA,2002,13416.000000000002,0.0,28224277.0,41520071.548400335,31746.1796,28181.34101111111,3.928911118888889,1.0,1.0,1.0,1.0,1.0,0.0,0.0,0.9888803388888888,13416.000000000002,0.00047533547094935337
IA,2003,14224.950000000003,0.0,28520763.0,41237966.63119989,32533.564188888886,28666.304644444444,4.425586855555555,1.0,1.0,1.0,1.0,1.0,0.0,0.0,0.9888752822222222,14224.950000000003,0.0004987576945259144
IA,2004,10112.999000000002,0.0,27991398.0,41863739.31522048,34329.84548888889,30781.1038,4.617799288888889,1.0,1.0,1.0,1.0,1.0,0.0,0.0,0.9888754441111112,10112.999000000002,0.00036128952901887936
IA,2005,696310.0,0.0,29079165.0,40865791.559081115,34689.88619565217,31628.05833695652,4.316318949999999,1.0,1.0,1.0,1.0,1.0,0.0,0.9891207010869565,0.9891207010869565,696310.0,0.023945323051745123
IA,2006,1120019.0,0.0,29690385.0,41232310.93930243,35519.18402222222,32804.57638888889,3.8088995822222222,1.0,1.0,1.0,1.0,1.0,0.9888755211111111,0.9888755211111111,0.9888755211111111,1120019.0,0.037723289879871884
IA,2007,1530474.999,0.0,33242237.0,,35913.04483333333,34983.8056,3.7155721522222223,1.0,1.0,1.0,1.0,1.0,0.988877032888889,0.988877032888889,1.0,1530474.999,0.04604007242352553
ID,2001,0.0,0.0,13435281.0,5401191.04163267,28286.097714285715,26030.911,5.107986000000001,0.13139126,0.0,1.0,1.0,1.0,0.0,0.0,0.18960813571428572,0.0,0.0
ID,2002,0.0,0.0,13600196.0,4602442.442825318,28391.96857142857,26299.583142857144,5.722803328571429,0.1271838,0.0,0.20157877,1.0,1.0,0.0,0.0,0.1918709285714286,0.0,0.0
ID,2003,0.0,0.0,13312753.0,5204553.333856667,28645.073714285714,26758.17142857143,5.666367342857143,0.12638098,0.12638098,0.18408644,1.0,1.0,0.05365199285714285,0.0,0.19182123428571426,0.0,0.0
ID,2004,0.0,0.0,13595743.0,4909438.018073494,29538.059999999998,28160.813333333335,4.649189166666666,0.1276029,0.1276029,0.1885774,0.050231542,1.0,0.06319918666666667,0.0,0.057445675,0.0,0.0
ID,2005,0.0,0.0,13782319.0,4877314.917954628,30882.632833333333,29598.013666666666,3.804872266666667,0.12622443,0.12622443,0.18857697,0.050887167,1.0,0.9437456666666666,0.0,0.05625433333333333,0.0,0.0
ID,2006,0.0,0.0,16543690.0,3675492.394937093,30966.465,31323.78583333333,3.1360352833333334,0.103089,0.103089,0.17846985,0.050458007,1.0,0.9400437500000001,0.0,0.05995625833333334,0.0,0.0
ID,2007,0.0,0.0,13853073.0,,31121.2695,33037.68833333333,3.1207188,0.40274858,0.22140516,0.16562894,0.047687136,1.0,0.9328752333333333,0.030223906666666665,0.9451712066666667,0.0,0.0
IL,2001,0.0,0.0,4096088.0,89750381.82770891,36669.30964864865,32222.70054054054,5.321851570270271,0.93460584,0.93460584,1.0,1.0,1.0,0.007043596756756756,0.0,0.0252596172972973,0.0,0.0
IL,2002,0.0,0.0,3935706.0,92917269.8370666,36667.10386486487,32603.75437837838,6.392007635135135,1.0,0.9824411,1.0,1.0,1.0,0.007043596756756756,0.0,0.02655246216216216,0.0,0.0
IL,2003,0.0,0.0,4249698.0,92162418.80609664,37541.91697297298,33494.16964864865,6.605295678378379,1.0,1.0,1.0,1.0,1.0,0.007043596756756756,0.0,0.02653136216216216,0.0,0.0
IL,2004,0.0,0.0,4746607.0,98030621.05732328,38096.203918918916,34839.423567567566,6.117058308108108,1.0,1.0,1.0,1.0,1.0,0.007043596756756756,0.0,0.026017856756756757,0.0,0.0
IL,2005,0.0,0.0,4778064.0,96529115.83620615,38156.298210526315,36056.42965789474,5.709322044736842,1.0,1.0,1.0,1.0,1.0,0.03317402842105263,0.024778565789473683,0.024778565789473683,0.0,0.0
IL,2006,36907.466566,0.0,4981886.0,95459371.38885705,38843.012078947366,38045.5345,4.623437594736842,1.0,1.0,1.0,1.0,1.0,0.057254202894736844,0.02408017447368421,0.06985351394736843,36907.466566,0.007408332219163587
IL,2007,48194.81686800001,0.0,4501784.0,,39222.11413157895,40511.228684210524,5.055601415789473,1.0,1.0,1.0,1.0,1.0,0.08313042736842105,0.04995639894736842,0.9405599530736841,48194.81686800001,0.010705715082731647
IN,2001,0.0,0.0,84794093.0,109254452.84578902,31280.688866666667,27823.736533333333,4.154268106666667,0.0,0.0,0.0,0.0,1.0,0.0,0.0,0.9906478173333333,0.0,0.0
IN,2002,0.0,0.0,82398924.0,107574677.49454878,32182.456866666667,28439.9398,5.15715918,0.0,0.0,0.0,0.0,1.0,0.00039410453333333333,0.00039410453333333333,0.9906324166666667,0.0,0.0
IN,2003,0.0,0.0,83546570.0,104553633.00174975,33015.6505,29213.60625,5.204574025,1.0,1.0,0.0,0.0,1.0,0.000444570525,0.000444570525,0.98651219875,0.0,0.0
IN,2004,0.0,0.0,85089931.0,107167786.25838421,33938.330875,30422.63325,5.1686873375,1.0,1.0,0.0,0.0,1.0,0.00013466428125,0.00013466428125,0.993699414375,0.0,0.0
IN,2005,0.0,0.0,87586530.0,116413240.74611427,33306.765666666666,30647.1806,5.32359178,1.0,1.0,0.0,0.0,1.0,0.00012313598666666666,0.06678980265333333,0.9936456206666667,0.0,0.0
IN,2006,0.0,0.0,83539359.0,116317231.92749728,33045.1884,32044.6246,4.917973666666667,1.0,1.0,0.0,0.0,1.0,0.06775535306666666,0.06775535306666666,0.99347394,0.0,0.0
IN,2007,0.0,0.0,87555931.0,,32964.902533333334,33320.0824,4.540688313333333,1.0,1.0,0.0,0.0,1.0,0.07061482686666667,0.07061482686666667,0.9942606326666666,0.0,0.0
KS,2001,0.0,0.0,32588610.0,35396220.302230686,31058.52232835821,28711.974776119405,4.300228592537313,0.0,0.0,0.0,0.0,1.0,0.0,0.0011429518656716417,0.9988570477611941,0.0,0.0
KS,2002,0.0,0.0,34243631.0,38605254.33409132,31431.272910447762,28978.39732835821,5.100101458208955,0.0,0.0,0.0,0.0,1.0,0.0,0.0010145758208955223,0.9989854238805971,0.0,0.0
KS,2003,1386.8400000000001,0.0,33684694.0,38530005.37424083,31860.32401470588,29798.159529411765,5.6,0.0,0.0,0.0,0.0,1.0,0.0,0.0012414503676470587,0.9987585499999999,1386.8400000000001,4.117122156431049e-05
KS,2004,908.88,0.0,33062612.0,37801170.5430162,32338.224147058823,30990.64175,5.500574714705882,0.0,0.0,0.0,0.0,1.0,0.0,0.0019157133823529413,0.9980842867647058,908.88,2.748966113143148e-05
KS,2005,653.52,0.0,33271466.0,37688676.03566047,32858.67485294118,32128.98414705882,5.100328405882353,0.0,0.0,0.0,0.0,1.0,0.0,0.001094676911764706,0.9989053229411764,653.52,1.964205604886782e-05
KS,2006,412.44,0.0,31833713.0,35691007.61659956,34046.89323529412,34522.57823529412,4.300579436764705,0.0,0.0,0.0,0.0,1.0,0.0,0.0012085182352941177,0.9987914816176471,412.44,1.2956075843242037e-05
KS,2007,926.52,0.0,35977226.0,,34749.57473529412,36521.985808823534,4.1010429955882355,0.0,0.0,0.0,0.0,1.0,0.0,0.0012675139705882353,0.9987324861764707,926.52,2.5752958274214917e-05
KY,2001,0.0,0.0,47048727.0,87590417.703873,27706.41714285714,25021.31614285714,5.202577071428571,0.0,0.0,0.053360365,0.053360365,1.0,0.0,0.0,0.0,0.0,0.0
KY,2002,0.0,0.0,46243005.0,87212882.91842428,28382.98042857143,25519.50142857143,5.711132,0.0,0.0,0.05113287,0.05113287,1.0,0.0,0.0,0.0,0.0,0.0
KY,2003,0.0,0.0,45926493.0,85616139.17701729,28651.70342857143,25974.70757142857,6.305595142857142,0.0,0.0,0.051524073,0.051524073,1.0,0.0,0.0,0.0,0.0,0.0
KY,2004,0.0,0.0,46864119.0,87344921.86546162,29096.3,27126.325857142856,5.6060234,0.0,0.0,0.05085294,0.05085294,1.0,0.0,0.0,0.0,0.0,0.0
KY,2005,0.0,0.0,50210166.0,90425281.92019819,29560.02042857143,28156.464285714286,6.0969408,0.0,0.0,0.050187357,0.050187357,1.0,0.0,0.0,0.0,0.0,0.0
KY,2006,0.0,0.0,48173321.0,93226057.19971578,30087.781857142858,29634.984714285714,5.886439285714286,0.0,0.0,0.048674695,0.048674695,1.0,0.0,0.0,0.0,0.0,0.0
KY,2007,0.0,0.0,49563025.0,,30519.61042857143,30954.638142857144,5.494870857142857,0.08975924,0.08975924,0.0,0.046948235,1.0,0.9871772528571429,0.9871772528571429,0.012822748571428571,0.0,0.0
LA,2001,0.0,0.0,115604637.0,74738090.26521294,29154.764523809525,25006.749333333333,5.320448619047619,1.0,0.0,1.0,1.0,1.0,0.0,0.11459901142857143,0.11459901142857143,0.0,0.0
LA,2002,0.0,0.0,110084868.0,74125383.06622806,29233.441499999997,25416.74055,5.94751073,1.0,1.0,1.0,1.0,1.0,0.0,0.110775184,0.110775184,0.0,0.0
LA,2003,0.0,0.0,95775577.0,75561219.09050635,29651.94195,26081.35635,6.235000415,1.0,1.0,1.0,1.0,1.0,0.0,0.1143194125,0.1143194125,0.0,0.0
LA,2004,0.0,0.0,98208905.0,77773185.50162803,31068.7657,27478.527250000003,5.591530165,1.0,1.0,1.0,1.0,1.0,0.0,0.114073135,0.114073135,0.0,0.0
LA,2005,0.0,0.0,94413585.0,75297155.96753249,31374.022749999996,25758.88395,6.481030769999999,1.0,1.0,1.0,1.0,1.0,0.0,0.1063973265,0.1063973265,0.0,0.0
LA,2006,0.0,0.0,93081161.0,72946761.03374894,34126.445250000004,32584.0915,4.187793495,1.0,1.0,1.0,1.0,1.0,0.0,0.106160908,0.106160908,0.0,0.0
LA,2007,0.0,0.0,98730265.0,,34209.55919047619,34823.01657142857,4.04808469047619,1.0,1.0,1.0,1.0,1.0,0.0,0.9005451095238095,0.13373364285714287,0.0,0.0
MA,2001,0.0,0.0,5408935.0,19597657.19007366,42631.108173913046,38812.12195652174,3.6001776130434786,1.0,1.0,1.0,1.0,1.0,0.5656057308695652,0.5499848684354348,0.742103874347826,0.0,0.0
MA,2002,0.0,0.0,3683187.0,20759459.474094886,41811.86178260869,38316.20265217391,5.079465034782609,1.0,1.0,1.0,1.0,1.0,0.6863499469565217,0.6457915190956521,0.8311101165217392,0.0,0.0
MA,2003,0.0,0.0,2679638.0,22889887.964586183,42610.29279166667,38909.87479166667,5.647448604166667,1.0,1.0,1.0,1.0,1.0,0.6153854108333333,0.57651873326,0.7962574816666667,0.0,0.0
MA,2004,0.0,0.0,2390871.0,23828815.850181602,43681.333159999995,40964.96764,5.08502288,1.0,1.0,1.0,1.0,1.0,0.5894766888,0.552166701084,0.8044093648,0.0,0.0
MA,2005,0.0,0.0,2148534.0,23716811.19787065,44425.225719999995,42942.45492,4.727376404,1.0,1.0,1.0,1.0,1.0,0.7502275948,0.552937152496,0.7749462183999999,0.0,0.0
MA,2006,0.0,0.0,2208819.0,20664147.009283338,45215.240517241386,45474.32872413793,4.609666989655173,1.0,1.0,1.0,1.0,1.0,0.9483372972413793,0.5746847752617241,0.7728638699999999,0.0,0.0
MA,2007,0.0,0.0,2161849.0,,46192.54872413793,48171.14196551724,4.4722409034482755,1.0,1.0,1.0,1.0,1.0,0.9485490772413793,0.5749064244000001,0.9392849717241379,0.0,0.0
MD,2001,0.0,0.0,36015.0,44362751.571428575,33914.857142857145,33536.57142857143,4.285714285714286,1.0,1.0,1.0,1.0,1.0,0.14285714285714285,0.7142857142857143,0.0,0.0,0.0
MD,2002,0.0,0.0,30488.0,45703814.28571428,34463.857142857145,34328.42857142857,4.871428571428572,1.0,1.0,1.0,1.0,1.0,0.14285714285714285,0.7142857142857143,0.0,0.0,0.0
MD,2003,0.0,0.0,50972.0,45169100.75,35101.0,35448.0,4.8,1.0,1.0,1.0,1.0,1.0,0.125,0.75,0.0,0.0,0.0
MD,2004,0.0,0.0,30371.0,47709214.571428575,35811.0,37276.42857142857,4.557142857142857,1.0,1.0,1.0,1.0,1.0,0.14285714285714285,0.7142857142857143,0.0,0.0,0.0
MD,2005,0.0,0.0,44043.0,49242329.85714286,36903.42857142857,39185.57142857143,4.3,1.0,1.0,1.0,1.0,1.0,0.14285714285714285,0.7142857142857143,0.0,0.0,0.0
MD,2006,0.0,0.0,11996.0,47386007.14285714,37628.857142857145,41218.57142857143,3.9428571428571426,1.0,1.0,1.0,1.0,1.0,0.14285714285714285,0.8571428571428571,0.2857142857142857,0.0,0.0
MD,2007,0.0,0.0,23963.0,,38103.857142857145,43425.857142857145,3.6714285714285713,1.0,1.0,1.0,1.0,1.0,0.14285714285714285,0.8571428571428571,0.2857142857142857,0.0,0.0
ME,2001,0.0,0.0,6041.0,8876614.155305073,28789.773714285715,27850.72457142857,3.679965828571429,1.0,1.0,1.0,1.0,1.0,0.0,0.0,0.0,0.0,0.0
ME,2002,0.0,0.0,4315.0,10154703.226388108,29314.220999999998,28609.333714285716,4.4,1.0,1.0,1.0,1.0,1.0,0.0,0.0,0.0,0.0,0.0
ME,2003,0.0,0.0,6236.0,7804490.692318036,29578.259428571426,29555.701999999997,5.026426571428572,1.0,1.0,1.0,1.0,1.0,0.0,0.0,0.0,0.0,0.0
ME,2004,0.0,0.0,4064.0,7493516.22655314,30705.243857142857,31018.522857142856,4.615856,1.0,1.0,1.0,1.0,1.0,0.0,0.0,0.0,0.0,0.0
ME,2005,0.0,0.0,6194.0,7294582.997597858,30684.699285714283,31708.872857142855,4.9,1.0,1.0,1.0,1.0,1.0,0.0,0.0,0.0,0.0,0.0
ME,2006,0.0,0.0,4973.0,5921845.851097773,31066.59857142857,33307.75428571428,4.589429328571428,1.0,1.0,1.0,1.0,1.0,1.0,0.0,0.0,0.0,0.0
ME,2007,0.0,0.0,2614.0,,31474.72042857143,35100.389571428575,4.6,1.0,1.0,1.0,1.0,1.0,1.0,0.0,0.05285323142857142,0.0,0.0
MI,2001,0.0,0.0,55285972.0,76781971.0,32673.0,29941.0,5.2,0.0,0.0,1.0,1.0,1.0,0.0,0.0,0.0,0.0,0.0
MI,2002,0.0,0.0,54433535.0,74295339.0,33561.0,30234.0,6.2,0.0,0.0,1.0,1.0,1.0,0.0,0.0,1.0,0.0,0.0
MI,2003,0.0,0.0,53003465.0,73251105.0,33888.0,31145.0,7.1,0.0,0.0,1.0,1.0,1.0,0.0,0.0,1.0,0.0,0.0
MI,2004,0.0,0.0,54677589.0,77461979.0,33483.0,31588.0,7.1,0.0,0.0,1.0,1.0,1.0,0.0,0.0,1.0,0.0,0.0
MI,2005,0.0,0.0,56713747.0,78725528.0,33613.0,32229.0,6.8,0.0,0.0,1.0,1.0,1.0,0.0,0.0,1.0,0.0,0.0
MI,2006,0.0,0.0,52387805.0,75633485.0,33190.0,32985.0,6.9,0.0,0.0,1.0,1.0,1.0,0.0,0.0,1.0,0.0,0.0
MI,2007,0.0,0.0,57469736.0,,32918.0,34423.0,7.1000000000000005,0.0,0.0,1.0,1.0,1.0,0.0,0.0,1.0,0.0,0.0
MN,2001,0.0,0.0,54324468.0,36931668.21868425,36973.52272857143,32341.829214285714,3.7801617685714284,1.0,0.2039481,0.0,1.0,0.10656888,0.9494666717142857,0.03620552642857143,0.982211212857143,0.0,0.0
MN,2002,3.0,0.0,57792400.0,38303042.51053873,37693.55312857143,32986.706242857144,4.479940995714285,1.0,1.0,0.0,1.0,1.0,0.9481396512857143,0.037543655714285716,0.9834852042857142,3.0,5.190993971525668e-08
MN,2003,2.94,0.0,58434978.0,40528101.14892555,38596.71353521127,34117.17961971831,4.866814346478874,1.0,1.0,0.0,1.0,1.0,0.9489815064788734,0.03689674140845071,0.9808532611267605,2.94,5.0312331768140646e-08
MN,2004,3079.999,0.0,56841759.0,39340332.56848619,40011.41098591549,35951.97492957747,4.583833823943662,1.0,1.0,0.0,1.0,1.0,0.9589898964788732,0.02688604577464789,0.9805284585915494,3079.999,5.418549767258258e-05
MN,2005,2509.001,0.0,57306761.0,39994757.02408253,40204.35011428571,37010.64072857142,4.185979691428572,1.0,1.0,0.0,1.0,1.0,0.949870971857143,0.03574995342857142,0.9804092218571429,2509.001,4.37819370039078e-05
MN,2006,14935.90699,0.0,57928593.0,38657208.97336353,40527.6454,38649.14035714286,4.076798797142857,1.0,1.0,0.0,1.0,1.0,0.949954551857143,0.035676600999999995,1.0,14935.90699,0.00025783307027671116
MN,2007,26114.171,0.0,57050663.0,,41110.47917142857,40865.96428571428,4.544257495714286,1.0,1.0,0.0,1.0,1.0,0.9500810357142857,0.03551939285714286,1.0,26114.171,0.00045773650343029315
MO,2001,0.0,0.0,95355697.0,67562184.55923708,31540.207296296296,27888.71762962963,4.521999022222222,0.011934552,0.011934552,1.0,1.0,1.0,0.0,0.9228092866666666,0.03869194474759259,0.0,0.0
MO,2002,0.0,0.0,93220500.0,68528730.53834818,31729.915925925925,28438.102499999997,5.2361960055555565,0.014575337,0.014575337,1.0,1.0,1.0,0.0,0.9265903896296296,0.03540085441148148,0.0,0.0
MO,2003,132.08,0.0,101221942.0,74507245.46554105,32271.059727272725,29259.035836363633,5.6608017690909085,0.01234093,0.01234093,1.0,1.0,1.0,0.0,0.9131803098181819,0.031329152232,132.08,1.304855423540481e-06
MO,2004,173.12,0.0,96193551.0,75770505.65989189,32599.99101818182,30426.152072727273,5.822235545454546,0.013431821,0.013431821,1.0,1.0,1.0,0.0,0.9124303510909091,0.03216646310614545,173.12,1.7997048471575814e-06
MO,2005,124.48,0.0,99710675.0,78456939.95392272,32717.00890909091,31371.27729090909,5.426426303636364,0.012773147,0.012773147,1.0,1.0,1.0,0.0,0.9122325676363636,0.03236899819145454,124.48,1.2484119679262025e-06
MO,2006,106017.56,0.0,101769463.0,77620686.70476289,32650.129036363636,32757.634581818184,4.801151554545455,0.012018237,0.012018237,1.0,1.0,1.0,0.0002185134,0.9290244745454546,0.033739341684727274,106017.56,0.0010417423544821101
MO,2007,304890.48,0.0,100750859.0,,32858.53918181818,34272.078345454545,5.070961312727272,1.0,1.0,1.0,1.0,1.0,0.00025896886363636364,0.9267843849090909,0.0732163918864909,304890.48,0.003026182436816742
MS,2001,0.0,0.0,28338849.0,32007696.099957418,22476.783333333336,22035.6425,5.585073233333333,0.0,0.0,0.0,0.0,1.0,0.0,0.0,0.0,0.0,0.0
MS,2002,0.0,0.0,27975172.0,24291421.763804138,22656.83883333333,22437.914666666667,6.678095,0.0,0.0,0.0,0.0,1.0,0.0,0.0,0.0,0.0,0.0
MS,2003,0.0,0.0,26843599.0,26154183.798526745,23403.520833333332,23285.364,6.351902833333334,0.0,0.0,0.0,0.0,1.0,0.0,0.0,0.0,0.0,0.0
MS,2004,0.0,0.0,27329376.0,27595018.53274044,23752.096999999998,24320.105833333335,6.247033833333333,0.0,0.0,0.0,0.0,1.0,0.0,0.0,0.0,0.0,0.0
MS,2005,0.0,0.0,25620088.0,27723461.14575137,23788.679,25472.557666666664,7.624304666666667,0.0,0.0,0.0,0.0,1.0,0.0,0.0,0.0,0.0,0.0
MS,2006,0.0,0.0,28137860.0,27990807.65617634,24433.735333333334,27212.248000000003,6.678237666666667,0.0,0.0,0.0,0.0,1.0,0.0,0.0,0.0,0.0,0.0
MS,2007,0.0,0.0,26587727.0,,24599.331333333335,28647.361999999997,6.223204366666667,0.0,0.0,0.0,0.0,1.0,0.0,0.0,0.0,0.0,0.0
MT,2001,0.0,0.0,1625467.0,27340087.02139992,28197.398333333334,26580.176666666666,4.299981333333333,0.0,0.0,1.0,0.0,1.0,0.0,0.6666356133333333,0.6666356133333333,0.0,0.0
MT,2002,0.0,0.0,1429697.0,16988982.788980793,24644.962333333333,25172.702333333335,4.4953916666666665,0.0,0.0,1.0,0.0,1.0,0.0,0.9846392,0.9846392,0.0,0.0
MT,2003,0.0,0.0,1592043.0,18671095.95295206,25434.03,26373.545,4.300016766666666,0.0,0.0,1.0,0.0,1.0,8.349283333333333e-05,0.9999165133333333,0.9999165133333333,0.0,0.0
MT,2004,0.0,0.0,1620968.0,19304919.0,25938.0,27877.0,4.0,0.0,0.0,1.0,0.0,1.0,0.0,1.0,1.0,0.0,0.0
MT,2005,0.0,0.0,1785481.0,19549034.0,27063.0,29436.0,3.7000000000000006,1.0,0.0,1.0,0.0,1.0,0.0,1.0,1.0,0.0,0.0
MT,2006,0.0,0.0,1565633.0,19088136.188764844,27594.595666666664,31061.574333333334,3.2999999999999994,1.0,0.0,1.0,0.0,1.0,4.658448e-05,0.9999534,0.9999534,0.0,0.0
MT,2007,0.0,0.0,1680168.0,,28237.609333333337,33225.700000000004,3.3999746666666666,1.0,0.0,1.0,0.0,1.0,5.0656593333333336e-05,0.9999493333333334,0.9999493333333334,0.0,0.0
NC,2001,0.0,0.0,149509563.0,58646493.467719056,32847.26390909091,27243.196272727273,5.486280245454545,1.0,0.0,0.0,1.0,1.0,0.0,0.6920875352418182,0.09093448458818182,0.0,0.0
NC,2002,0.0,0.0,157543253.0,60067390.99560083,32869.81481818182,27344.690909090907,6.387182809090908,1.0,0.00027065258,0.0,1.0,1.0,0.0,0.6915954588781819,0.09093369568909092,0.0,0.0
NC,2003,0.0,0.0,158712138.0,59745271.17507743,33146.21690909091,27846.948727272727,6.425166045454546,1.0,1.0,0.0,1.0,1.0,0.0,0.6904763616963637,0.09093357445909091,0.0,0.0
NC,2004,0.0,0.0,158294929.0,61124556.940874696,33716.76209090909,29389.528454545456,5.681887209090909,1.0,1.0,0.0,1.0,1.0,0.0,0.6923614422418182,0.09093358326636364,0.0,0.0
NC,2005,0.0,0.0,163967224.0,63733383.59448064,34680.989,31001.27472727273,5.532040472727273,1.0,1.0,0.0,1.0,1.0,0.0,0.6914304170636364,0.0909327015109091,0.0,0.0
NC,2006,0.0,0.0,158875054.0,65277480.50541646,35754.06592307692,33517.94961538461,4.946132069230769,1.0,1.0,1.0,1.0,1.0,0.23076923076923078,0.8461538461538461,0.07694356695538462,0.0,0.0
NC,2007,0.0,0.0,164865622.0,,35796.556615384616,35021.33946153846,4.788247853846154,1.0,1.0,1.0,1.0,1.0,0.23076923076923078,0.8461538461538461,0.07694288417692308,0.0,0.0
ND,2001,871.0,0.0,20503799.0,29999991.569308262,28011.6164,25916.697200000002,3.0383638299999998,0.0045028916,0.0045028916,1.0,0.0,1.0,0.0,0.941577369,0.9673661299999999,871.0,4.247993262126692e-05
ND,2002,6043.0,0.0,21179188.0,29390049.26672901,29398.033000000003,26408.9441,3.63046529,0.001426123,0.001426123,1.0,0.0,1.0,0.0,0.933350026,0.974859303,6043.0,0.0002853272750588927
ND,2003,12327.0,0.0,21729682.0,29175477.6290964,30838.39322222222,28548.826333333334,3.7165179888888886,0.0018190946,0.0018190946,1.0,0.0,1.0,0.02809622555555556,0.9296619222222221,0.9719037777777777,12327.0,0.0005672885594920349
ND,2004,10937.0,0.0,21082427.0,28444420.560199615,30941.64,29339.034,3.5847648333333333,0.0036239198,0.0036239198,1.0,0.0,1.0,0.027946444444444447,0.9370286066666667,0.9720535555555555,10937.0,0.000518773289242268
ND,2005,11028.0,0.0,21832113.0,30122880.277536657,32631.06211111111,31507.733777777776,3.4570530666666666,1.0,0.0035038998,1.0,0.0,1.0,0.026958424444444445,0.9295079111111111,0.9730415744444445,11028.0,0.0005051274697964416
ND,2006,11987.0,0.0,21578786.0,28835292.3004034,33291.25322222222,32427.569444444445,3.218837977777778,1.0,0.03678936,0.96321064,0.03678936,1.0,0.02892334222222222,0.9203746311111112,0.9674003933333333,11987.0,0.000555499276001903
ND,2007,12445.0,0.0,20811011.0,,34162.760444444444,36031.66655555556,3.132869511111111,1.0,1.0,0.97248554,0.027514458,1.0,0.02857165888888889,0.93337261,0.9687724111111111,12445.0,0.0005980007410500143
NE,2001,2630.0,0.0,31438490.0,22199786.780863192,32639.179423728812,28774.97779661017,3.1325157491525424,0.0,0.0,1.0,1.0,1.0,0.0,0.00561255372881356,0.02805322305084746,2630.0,8.365541729262442e-05
NE,2002,8077.999,0.0,32548367.0,21573617.478554174,33171.66696610169,29298.206966101694,3.727266866101695,0.0,0.0,1.0,1.0,1.0,0.0,0.0053591808474576265,0.028165541694915256,8077.999,0.0002481844634478897
NE,2003,38220.89,0.0,31360353.0,22350477.509275086,34591.83230508475,30839.300288135593,4.0114148661016955,0.46673387,0.46673387,1.0,1.0,1.0,0.01626848915254237,0.005764723389830508,0.04435321627118644,38220.89,0.0012187646612268682
NE,2004,38431.008,0.0,33135045.0,22022712.851099607,35065.75127118644,31910.59455932203,3.905446454237288,0.4660116,0.4660116,1.0,1.0,1.0,0.01621039220338983,0.005877781694915254,0.04378690186440678,38431.008,0.0011598296607111896
NE,2005,96608.002,0.0,32566923.0,27045477.430841003,35554.503600000004,32991.63596666667,3.922136535,1.0,1.0,1.0,1.0,1.0,0.015052970666666667,0.0340840505,0.05682703433333334,96608.002,0.002966445494405474
NE,2006,261247.001,0.0,32564847.0,27343183.18703283,36692.06175,34260.88718333333,3.058403423333333,1.0,1.0,1.0,1.0,1.0,0.027068696666666666,0.03442410233333333,0.05368657616666666,261247.001,0.00802236230374428
NE,2007,216765.00100000002,0.0,34630938.0,,37237.496166666664,36595.16586666667,2.9579283066666666,1.0,1.0,1.0,1.0,1.0,0.9516362998333334,0.03488464783333334,0.05997654,216765.00100000002,0.006259287605781859
NH,2001,0.0,0.0,5983237.0,6802893.809650492,38781.698,36925.83583333334,3.301788933333333,1.0,0.99302834,1.0,1.0,1.0,0.0030708428666666667,0.0028970187666666667,0.6695372104333334,0.0,0.0
NH,2002,0.0,0.0,6000012.0,7445371.309076481,40416.802500000005,38283.50575,4.45093075,1.0,1.0,1.0,1.0,1.0,0.001619917925,0.001314050875,0.500322960875,0.0,0.0
NH,2003,0.0,0.0,6270731.0,8579846.178900195,40770.407250000004,38643.1915,4.9973793,1.0,1.0,1.0,1.0,1.0,0.0015684627099999998,0.001420960875,0.500722285875,0.0,0.0
NH,2004,0.0,0.0,6198659.0,9233721.308519065,42201.646250000005,41067.57725,4.398835075,1.0,1.0,1.0,1.0,1.0,0.00161544555,0.001420960875,0.500727295875,0.0,0.0
NH,2005,0.0,0.0,5638827.0,9285487.594660398,40364.0446,40241.212,4.38069274,1.0,1.0,1.0,1.0,1.0,0.0013105948399999999,0.0011367687,0.4005030887,0.0,0.0
NH,2006,0.0,0.0,4581398.0,11971771.201176021,44456.9914,45663.6226,4.122557899999999,1.0,1.0,1.0,1.0,1.0,0.6011705415399999,0.2011367687,0.6002651827000001,0.0,0.0
NH,2007,0.0,0.0,4900706.0,,45142.648,48319.2234,4.14088256,1.0,1.0,1.0,1.0,1.0,0.6010336076,0.2011367687,0.993775208,0.0,0.0
NJ,2001,0.0,0.0,-28104.0,78705399.60641152,35363.40575,33536.37675,4.592889325,1.0,1.0,1.0,1.0,1.0,0.38827862425000004,0.0,0.0,0.0,-0.0
NJ,2002,0.0,0.0,-41172.0,86527640.69139603,35198.90475,33641.9405,5.694623,1.0,1.0,1.0,1.0,1.0,0.34653539875,0.0,0.0,0.0,-0.0
NJ,2003,0.0,0.0,89005.0,85770511.85135579,36092.2675,34444.668,5.67227975,1.0,1.0,1.0,1.0,1.0,0.361365625,0.0,0.0,0.0,0.0
NJ,2004,0.0,0.0,-23460.0,64206941.31500554,39065.76575,38322.8375,4.92866985,1.0,1.0,1.0,1.0,1.0,0.59282621,0.0,0.0,0.0,-0.0
NJ,2005,0.0,0.0,-13416.0,65006485.42308417,39660.87875,40020.282250000004,4.403602225,1.0,1.0,1.0,1.0,1.0,0.59282621,0.0,0.0,0.0,-0.0
NJ,2006,0.0,0.0,-13254.0,61041066.979568765,40671.75125,43012.501749999996,4.28647465,1.0,1.0,1.0,1.0,1.0,0.8629599575,0.2498809,0.137040035,0.0,-0.0
NJ,2007,0.0,0.0,-59739.0,,40920.388999999996,45269.02925,4.2637505749999995,1.0,1.0,1.0,1.0,1.0,0.8629599575,0.2498835,0.137040035,0.0,-0.0
NM,2001,0.0,0.0,11383118.0,32022822.62763357,28008.157400000004,24247.100400000003,4.889598,0.26004952,0.26004952,1.0,0.2749174,1.0,0.052009903999999996,0.0,0.0,0.0,0.0
NM,2002,0.0,0.0,11249241.0,30029903.16915219,28070.586,24444.6976,5.52700034,1.0,0.27000374,1.0,0.2893005,1.0,0.054000748,0.945999252,0.0,0.0,0.0
NM,2003,0.0,0.0,10723700.0,32009871.95247804,28875.5876,25081.777,5.889236200000001,1.0,0.26909494,0.31499404,0.31499404,1.0,0.053818988,0.9461810119999999,0.0,0.0,0.0
NM,2004,0.0,0.0,11122158.0,32404976.02569859,30194.6734,26491.224599999998,5.75670714,1.0,0.27058047,0.31843925,0.31843925,1.0,0.054116094000000003,0.9458838999999999,0.0,0.0,0.0
NM,2005,0.0,0.0,11277562.0,33741668.369840264,30311.2054,28053.007400000002,5.16770932,1.0,0.26908875,0.3217468,0.3217468,1.0,0.05381775,0.94618225,0.0,0.0,0.0
NM,2006,0.0,0.0,11716980.0,34152825.37333203,30776.5648,29505.555,4.19457108,1.0,1.0,0.33921582,0.33921582,1.0,0.05428893,1.0,0.05428893,0.0,0.0
NM,2007,0.0,0.0,11354252.0,,31167.1542,30820.492599999998,3.5161484799999996,1.0,1.0,0.31017345,0.31017345,1.0,1.0,1.0,0.05382816,0.0,0.0
NV,2001,0.0,0.0,15891583.0,25888553.940460265,35433.748,30337.2025,5.2471045,1.0,0.17632708,0.0,1.0,1.0,0.08816354,0.0,0.9118120700000001,0.0,0.0
NV,2002,0.0,0.0,14846533.0,23259708.05859691,35155.7775,30388.997000000003,5.7273841999999995,1.0,0.18246323,0.0,1.0,1.0,0.091231615,0.0,0.908753825,0.0,0.0
NV,2003,0.0,0.0,14216206.0,25483429.932584696,35958.734,31348.5795,5.25282405,1.0,1.0,0.0,1.0,1.0,0.105465675,0.0,0.89447725,0.0,0.0
NV,2004,0.0,0.0,13075631.0,27204485.936833005,38071.5665,34053.766,4.4491787,1.0,1.0,0.0,1.0,1.0,0.0818832,0.0,0.91808975,0.0,0.0
NV,2005,0.0,0.0,12473829.0,28063345.984700955,39877.283,36913.9535,4.5085844999999996,1.0,1.0,0.0,1.0,1.0,0.08264474,0.0,0.9169998500000001,0.0,0.0
NV,2006,0.0,0.0,16221088.0,20656114.729742214,40467.505000000005,38129.058000000005,4.27806635,1.0,1.0,0.0,1.0,1.0,0.10982527,0.10982527,0.99994752,0.0,0.0
NV,2007,0.0,0.0,18552671.0,,39791.6505,39242.008499999996,4.62169385,1.0,1.0,0.0,1.0,1.0,0.087052025,0.087052025,0.99994205,0.0,0.0
NY,2001,0.0,116867.0,37246050.0,78055726.84819205,40539.04475,34770.630375,4.946423916666667,1.0,0.0,1.0,1.0,1.0,0.0,0.08607731166666666,0.900113525,116867.0,0.0031377018502633165
NY,2002,0.0,117354.025,20948139.0,74891449.15812522,40135.3425,34467.52404166667,6.232738524999999,1.0,1.0,1.0,1.0,1.0,0.0,0.08611466333333333,0.8791077583333333,117354.025,0.005602121744561653
NY,2003,0.0,117448.685,24297864.0,74755902.54114632,40854.616239999996,35204.33968,6.43305504,1.0,1.0,1.0,1.0,1.0,0.0,0.08,0.8872214735999999,117448.685,0.0048337041066655075
NY,2004,0.0,123847.0,18512428.0,76088034.08731928,41800.754,37343.71672,5.832811759999999,1.0,1.0,1.0,1.0,1.0,0.0,0.08,0.88202937932,123847.0,0.0066899382404080115
NY,2005,626.6719999999999,120598.67,20705967.0,78359744.05338831,43200.9512,39681.0942,5.064,1.0,1.0,1.0,1.0,1.0,0.80199338048,0.08,0.88199338048,121225.342,0.005854609060277165
NY,2006,50724.712,117380.5,20263312.0,68521890.14496163,45452.94680769231,42847.143615384615,4.635049615384615,1.0,1.0,1.0,1.0,1.0,0.8120347046153846,0.07692307692307693,0.8846153846153846,168105.212,0.008296038278441352
NY,2007,47133.395990000005,122687.5,19711211.0,,46968.82704,45311.672,4.56417212,1.0,1.0,1.0,1.0,1.0,0.8017213192,0.08,0.92,169820.89599,0.008615447117379039
OH,2001,0.0,0.0,146686564.0,104333958.29008882,30018.46671794872,27350.542923076926,4.640594002564103,0.0,0.0,1.0,1.0,1.0,0.626280287171795,0.8423613558974359,0.8895746,0.0,0.0
OH,2002,0.0,0.0,141576864.0,112118881.29802471,30724.314026315787,28096.03389473684,5.736110039473684,0.0,0.0,1.0,1.0,1.0,0.6513065209131579,0.8647222842105263,0.959023544736842,0.0,0.0
OH,2003,0.0,0.0,142646206.0,116540055.8033515,31089.0132051282,28666.65923076923,6.115608517948718,0.0,0.0,1.0,1.0,1.0,0.6837724608897435,0.8944489146153847,0.9602510787179488,0.0,0.0
OH,2004,0.0,0.0,155401318.0,112953299.60347356,31727.341205128207,29623.06941025641,5.877409169230769,0.59556794,0.59556794,1.0,1.0,1.0,0.6742462985820513,0.8886207466666667,0.9540456056410256,0.0,0.0
OH,2005,13268.0,0.0,155734182.0,120387566.48354895,32105.18731707317,30723.151975609755,5.633766887804878,1.0,1.0,1.0,1.0,1.0,0.6625023103829268,0.8633964512195121,0.9289302475609755,13268.0,8.519645353131274e-05
OH,2006,14401.001,0.0,134329263.0,118399156.49745044,32045.37455,32112.955599999998,5.178232585,1.0,1.0,1.0,1.0,1.0,0.6539665463675,0.8601168102500001,0.99122115225,14401.001,0.00010720672978009267
OH,2007,14747.999,0.0,136324064.0,,31992.66968421053,33501.1457368421,5.2124957552631574,1.0,1.0,1.0,1.0,1.0,0.6564626659394737,0.872951695,0.9894563876315791,14747.999,0.00010818338719714225
OK,2001,0.0,0.0,29643403.0,54630633.45319543,26854.024,26158.032285714286,3.753964785714286,0.43132228,0.0,1.0,0.14983696,1.0,0.0,0.04151137428571428,0.04151137428571428,0.0,0.0
OK,2002,0.0,0.0,29994551.0,54560593.78110099,26937.910642857143,25981.976142857144,4.849060242857143,0.31547564,0.31547564,0.11380163,0.11380163,1.0,0.0,1.0,0.030662662142857143,0.0,0.0
OK,2003,0.0,0.0,29606790.0,54534042.59957524,27211.814000000002,26571.48657142857,5.631876378571428,0.3090392,0.3090392,0.09666015,0.09666015,1.0,0.0,1.0,0.028978525,0.0,0.0
OK,2004,0.0,0.0,30393834.0,52555818.25930389,27933.421785714287,28547.58592857143,5.026549357142857,0.30067036,0.30067036,0.07102102,0.07102102,1.0,0.0,1.0,0.026549384285714288,0.0,0.0
OK,2005,0.0,0.0,32540177.0,56958625.268566616,28304.925785714287,30317.05892857143,4.523922,0.29560745,0.29560745,0.076512516,0.076512516,1.0,0.0,1.0,0.02657999757142857,0.0,0.0
OK,2006,3157.0,0.0,31264402.0,59379403.4209514,29016.473846153844,32838.67823076923,4.127811615384615,0.31378788,0.31378788,0.13815077,0.13815077,1.0,0.0,1.0,0.03476451153846154,3157.0,0.00010097746312243555
OK,2007,357826.0,0.0,32172315.0,,29860.183333333334,35075.786166666665,4.111330724999999,0.29768848,0.29768848,0.15554097,0.15554097,1.0,0.0,1.0,0.03776912083333333,357826.0,0.011122171345145664
OR,2001,29613.4017879,0.0,13544071.0,14099307.375319855,32659.992000000002,28999.823,6.052275755555556,0.0,0.0,1.0,1.0,1.0,0.0,0.023760183,0.7879978155555556,29613.4017879,0.002186447618880616
OR,2002,29741.9346,0.0,8813045.0,12015419.258373253,33205.17244444445,29384.373888888887,7.067080711111111,0.0,0.0,0.043679416,1.0,1.0,0.0,0.030892458444444444,0.7776276155555555,29741.9346,0.003374762593405571
OR,2003,27052.082400000003,0.0,9134934.0,13703351.90793062,33753.44766666667,30186.06111111111,7.4880427111111105,0.0,0.0,0.039228495,1.0,1.0,0.1111111111111111,0.03239718055555555,0.7851285177777778,27052.082400000003,0.002961387832687133
OR,2004,28007.5929,0.0,9278429.0,13976064.514385795,35474.59111111111,31569.413777777776,6.7405942111111115,0.0,0.0,0.041342445,1.0,1.0,0.1111111111111111,0.019717588333333334,0.7892350522222222,28007.5929,0.003018570589913443
OR,2005,28125.9447,0.0,8854919.0,13328607.395579366,35853.9334,32587.0516,5.781894530000001,0.24896747,0.0,0.05065716,1.0,1.0,0.1135887815,0.029962463,0.8018007279999999,28125.9447,0.0031763073947937864
OR,2006,27430.680900000003,0.0,8305462.0,11465519.160342177,37830.3629,34956.861300000004,4.9814308,0.4823004,0.0,0.039794486,1.0,1.0,0.2005804466,0.0285179886,0.79941956,27430.680900000003,0.003302727879556851
OR,2007,37112.2467,0.0,11884912.0,,38072.6353,35528.5157,4.9271308,1.0,0.0,0.04761197,1.0,1.0,0.1176143562,0.8823856409999999,0.9139186560000001,37112.2467,0.003122635380051615
PA,2001,0.0,0.0,23798291.0,99647587.8608291,31354.565125,29506.62525,4.7055591,0.60381144,0.60381144,1.0,1.0,1.0,0.10795848875,0.2268205925,0.29174171125,0.0,0.0
PA,2002,0.0,0.0,22485136.0,108511048.56002869,31207.429333333333,29704.627533333332,5.572088826666667,0.0,0.0,1.0,1.0,1.0,0.076657872,0.25917772933333333,0.3284631453333333,0.0,0.0
PA,2003,0.0,0.0,21504245.0,114032249.54817162,31437.175,30312.866533333334,5.7619045133333335,0.0,0.0,1.0,1.0,1.0,0.07517358533333332,0.258559082,0.26107862866666665,0.0,0.0
PA,2004,0.0,0.0,20700036.0,109427819.84773585,33882.34042857143,33153.22014285714,5.1524196642857145,1.0,1.0,1.0,1.0,1.0,0.07276851357142856,0.12937995642857142,0.27223709928571427,0.0,0.0
PA,2005,0.0,0.0,20721632.0,113691169.01086144,34502.78285714286,34499.044785714286,4.766129478571429,1.0,1.0,1.0,1.0,1.0,0.07984385785714286,0.13714400785714287,0.2800011507142857,0.0,0.0
PA,2006,0.0,0.0,14852528.0,111854658.06066313,34988.5575,36500.52121428571,4.284740642857143,1.0,1.0,1.0,1.0,1.0,0.15128167214285715,0.20858182214285717,0.9285714285714286,0.0,0.0
PA,2007,0.0,0.0,14355931.0,,35389.33053846154,38262.43807692308,4.280739115384615,1.0,1.0,1.0,1.0,1.0,0.1807220530769231,0.2343033276923077,0.9230769230769231,0.0,0.0
RI,2001,0.0,0.0,0.0,3427718.0,32301.0,30696.0,4.5,0.0,0.0,1.0,0.0,0.0,0.0,0.0,1.0,0.0,
RI,2002,0.0,0.0,0.0,3082081.0,32758.0,31555.0,5.1,0.0,0.0,1.0,0.0,0.0,0.0,0.0,1.0,0.0,
RI,2003,0.0,0.0,0.0,2399863.0,34059.0,32737.0,5.4,0.0,0.0,1.0,0.0,0.0,0.0,0.0,1.0,0.0,
RI,2004,0.0,0.0,0.0,2106497.0,35319.0,34375.0,5.2,1.0,0.0,1.0,1.0,1.0,0.0,0.0,1.0,0.0,
RI,2005,0.0,0.0,0.0,2601956.0,35320.0,35575.0,5.1,1.0,0.0,1.0,1.0,1.0,1.0,0.0,1.0,0.0,
RI,2006,0.0,0.0,0.0,2512890.0,36456.0,37669.0,5.0,1.0,0.0,1.0,1.0,1.0,1.0,0.0,1.0,0.0,
RI,2007,0.0,0.0,0.0,,36706.0,39829.0,5.2,1.0,1.0,1.0,1.0,1.0,1.0,0.0,1.0,0.0,
SC,2001,0.0,0.0,46030917.0,57333398.81821593,28767.3605,25388.345699999998,5.1796849,1.0,0.0,1.0,1.0,1.0,0.0,0.1,0.1,0.0,0.0
SC,2002,0.0,0.0,50626630.0,58497594.58106913,28890.573800000002,25714.1725,6.03970794,1.0,1.0,1.0,1.0,1.0,0.0,0.1,0.1,0.0,0.0
SC,2003,0.0,0.0,49554633.0,58484793.06936453,29482.528000000002,26230.465799999998,6.699222000000001,1.0,1.0,1.0,1.0,1.0,0.0,0.1,0.1,0.0,0.0
SC,2004,0.0,0.0,52823697.0,61663024.09154017,29301.066000000003,27461.8268,6.719345799999999,1.0,1.0,1.0,1.0,1.0,0.0,0.1,0.1,0.0,0.0
SC,2005,10052.46,0.0,53590848.0,62664182.02940401,29574.1969,28788.780300000002,6.569454,1.0,1.0,1.0,1.0,1.0,0.0,0.1,0.1,10052.46,0.00018757792375295124
SC,2006,9072.36,0.0,53262066.0,62531361.480211735,29702.0406,30553.729099999997,6.1595263000000005,1.0,1.0,1.0,1.0,1.0,0.0002786458,0.9997213540000001,0.1,9072.36,0.0001703343614196265
SC,2007,3633.29901,0.0,56457786.0,,29730.44918181818,31647.14236363636,5.49069789090909,1.0,1.0,1.0,1.0,1.0,0.00021122560909090908,0.9997887727272728,0.09090909090909091,3633.29901,6.43542594815886e-05
SD,2001,0.0,0.0,4017525.0,24282540.552633196,32543.38566666667,28386.693,3.3493020666666666,1.0,0.98216105,0.0,1.0,1.0,0.16666666666666666,0.03954086666666667,0.8333333333333334,0.0,0.0
SD,2002,0.0,0.0,4024953.0,27050935.736829877,34471.31871428571,29212.51457142857,3.8289970857142857,1.0,1.0,0.0,1.0,1.0,0.14285714285714285,0.03340525857142857,0.7142857142857143,0.0,0.0
SD,2003,0.0,0.0,3882375.0,27477124.086016703,35144.550285714286,30808.238857142856,4.1337671857142855,1.0,1.0,0.0,1.0,1.0,0.39513217142857143,0.03338552,0.7142857142857143,0.0,0.0
SD,2004,0.0,0.0,4148386.0,26736182.349352248,36035.50185714286,32713.09542857143,4.029028257142857,1.0,1.0,0.0,1.0,1.0,0.3950983428571429,0.022922928571428573,0.7142857142857143,0.0,0.0
SD,2005,49.41001,0.0,4063548.0,26234635.409636103,36425.42385714286,34397.838,3.837317685714286,1.0,1.0,0.0,1.0,1.0,0.3816227657142857,0.19183580857142854,0.7142857142857143,49.41001,1.2159327267698081e-05
SD,2006,53.29999,0.0,3702709.0,26066433.64461228,37326.37514285714,36046.88428571429,3.4054774857142855,1.0,1.0,0.0,1.0,1.0,0.5491523657142857,0.19044269285714283,0.7142857142857143,53.29999,1.439486332844412e-05
SD,2007,55.51999,0.0,3871814.0,,37664.18885714286,39109.231714285714,3.285232742857143,1.0,1.0,0.0,1.0,1.0,0.60082471,0.19511809714285716,0.7142857142857143,55.51999,1.4339529223252977e-05
TN,2001,0.0,0.0,0.0,65771388.657917395,30116.38,26513.9395,4.784828,0.0,0.0,0.23871453,0.23871453,1.0,0.0,0.0,0.0,0.0,
TN,2002,0.0,0.0,0.0,63400332.5715504,31068.98575,27133.52775,5.3618735,0.0,0.0,0.25004327,0.25004327,1.0,0.0,0.0,0.0,0.0,
TN,2003,0.0,0.0,0.0,59704785.82820462,31737.6865,27957.01225,5.7793174,0.0,0.0,0.25516906,0.25516906,1.0,0.0,0.0,0.8678044149999999,0.0,
TN,2004,0.0,0.0,0.0,62182444.826357305,32838.455,29247.32,5.425212675,0.0,0.0,0.2615502,0.2615502,1.0,0.0,0.0,0.87393646,0.0,
TN,2005,0.0,0.0,0.0,63951978.0320748,33023.92725,30352.77,5.666862249999999,0.0,0.0,0.25963446,0.25963446,1.0,0.0,0.0,0.866275565,0.0,
TN,2006,0.0,0.0,0.0,65357027.29340914,33449.3095,31838.499499999998,5.287600175,0.0,0.0,0.25956494,0.25956494,1.0,0.0,0.0,0.874856965,0.0,
TN,2007,0.0,0.0,0.0,,33354.019,33068.2245,4.88897035,0.0,0.0,0.0,0.2577259,1.0,0.127100525,0.127100525,0.872899475,0.0,
TX,2001,0.0,0.0,217781186.0,217599204.8961446,34535.97288095238,29049.55457142857,4.922079697619047,1.0,0.35539266,1.0,1.0,1.0,0.03344626785714286,0.8449701158333334,0.8932826610714286,0.0,0.0
TX,2002,2285.0,0.0,75937876.0,211508563.08008626,34362.36061363637,28735.527068181822,6.257726681818183,1.0,1.0,1.0,1.0,1.0,0.03285993909090909,0.8540015613636364,0.8507560510000001,2285.0,3.009038598867316e-05
TX,2003,2852.0,0.0,73596123.0,209187446.19515258,34258.00460869565,29262.72295652174,6.547796652173913,1.0,1.0,1.0,1.0,1.0,0.03139352391304348,0.8386460586956521,0.8356754546956522,2852.0,3.875204132695957e-05
TX,2004,2454.0,0.0,70285552.0,219576911.8194918,35278.386755555555,30766.120933333335,5.920057082222223,1.0,1.0,1.0,1.0,1.0,0.03224466711111111,0.8827607101333332,0.8573943065777778,2454.0,3.4914714762430834e-05
TX,2005,1056.0,0.0,71647169.0,218754299.85463443,35636.2895625,32826.027624999995,5.356232058333333,1.0,1.0,1.0,1.0,1.0,0.05350018958333334,0.8671145563749999,0.8523069900208333,1056.0,1.4738893591175947e-05
TX,2006,12943.001,0.0,71339692.0,211712172.1569717,36672.42586956522,35001.49363043478,4.787842704347827,1.0,1.0,1.0,1.0,1.0,0.05636741804347826,0.8504402196956522,0.8472238861521738,12943.001,0.00018142776674729688
TX,2007,736.0,0.0,72589400.0,,37184.94781818182,36772.45865909091,4.372100931818182,1.0,1.0,1.0,1.0,1.0,0.10802721704545454,0.9003076852272727,0.8627431158181817,736.0,1.0139221429024072e-05
UT,2001,110006.5972121,0.0,69988847.0,34767854.85276732,30301.836193548388,25423.02741935484,4.4053626774193555,1.0,1.0,0.27975222,1.0,1.0,0.13283040451612904,0.8428299774193548,0.003958719677419354,110006.5972121,0.0015717732457015616
UT,2002,110484.0654,0.0,69396956.0,35460599.38842986,30177.69190322581,25701.207580645165,5.720900206451613,1.0,1.0,0.08275512,1.0,1.0,0.1323797648387097,0.8481945270967741,0.00400984,110484.0654,0.0015920592453651714
UT,2003,100491.9176,0.0,70916098.0,36240141.500494435,30153.64977419355,25854.423645161292,5.682700322580645,1.0,1.0,0.0,1.0,1.0,0.14454211741935483,0.8487144096774194,0.004021484193548387,100491.9176,0.0014170536794057677
UT,2004,104041.4071,0.0,72164328.0,37097968.30508219,30604.856064516127,26968.36858064516,5.08298735483871,1.0,1.0,0.0,1.0,1.0,0.9871423629032258,0.8476740032258064,0.003991639677419355,104041.4071,0.001441729036817193
UT,2005,104481.0553,0.0,71292179.0,38289009.25477155,31567.32558064516,28703.456032258066,4.2024705709677415,1.0,1.0,0.0,1.0,1.0,0.9871035161290322,0.8479794806451613,0.0042411554838709675,104481.0553,0.0014655332010542138
UT,2006,169448.31910000002,0.0,74499571.0,37976978.29745841,32376.124161290325,30153.6755483871,3.246172435483871,1.0,1.0,0.0,1.0,1.0,0.9905552751612904,0.8522131432258064,0.137112644516129,169448.31910000002,0.002274487179261744
UT,2007,546602.7542999999,0.0,78550401.0,,32905.37174193548,30883.272,2.975716567741936,1.0,1.0,0.0,1.0,1.0,0.9979168451612904,0.8577225290322581,0.13598951612903226,546602.7542999999,0.006958624619879406
VA,2001,0.0,0.0,66938656.0,48050731.48435124,36421.70676190476,32104.762238095238,3.41059960952381,0.0,0.0,1.0,1.0,1.0,0.00976214761904762,0.07827313733333334,0.8505236642857144,0.0,0.0
VA,2002,0.0,0.0,69470910.0,48290274.794537544,36347.78818181818,32676.22968181818,4.342655918181818,0.0,0.0,1.0,1.0,1.0,0.009318413636363636,0.07678422045454546,0.8563616654545455,0.0,0.0
VA,2003,0.0,0.0,66375809.0,44375507.586088024,37367.4159,33751.53925,4.22718218,0.0,0.0,1.0,1.0,1.0,0.0,0.0809893125,0.8745450685,0.0,0.0
VA,2004,0.0,0.0,72024967.0,44955971.661828116,38628.899099999995,35618.684850000005,3.8425270250000003,1.0,0.0,1.0,1.0,1.0,0.0,0.07363478095,0.8794914145,0.0,0.0
VA,2005,0.0,0.0,72207684.0,45714517.35999534,39821.274736842104,37629.66610526315,3.6401849368421053,1.0,0.0,1.0,1.0,1.0,0.0,0.08414878147368421,0.8695103526315788,0.0,0.0
VA,2006,0.0,0.0,67372912.0,40623625.29502355,40233.184842105264,39855.73389473684,3.2016067578947367,1.0,1.0,1.0,1.0,1.0,0.0,0.09940096278947368,0.8553889131578948,0.0,0.0
VA,2007,0.0,0.0,69748694.0,,40585.44894736842,41423.78947368421,3.1712274999999996,1.0,1.0,1.0,1.0,1.0,0.0,0.10352112860526315,0.8544961257894738,0.0,0.0
VT,2001,12133.0,0.0,708430.0,130234.29394496403,30310.977923076924,28994.007538461537,3.302250792307692,0.0014673374,0.0014673374,0.0,0.0,1.0,0.9984662715384616,0.0,0.9998871269230769,12133.0,0.01712660389876205
VT,2002,10372.0,0.0,824993.0,581554.4652399047,31358.701153846152,29885.864,4.0221325384615385,0.5552506,0.5552506,0.0,0.0,1.0,0.949286496923077,0.0,0.9503126769230769,10372.0,0.012572227885569939
VT,2003,10829.0,0.0,897652.0,558922.6160496966,32364.87469230769,30859.258923076923,4.548722,0.5716248,0.5716248,0.0,0.0,1.0,0.9476094907692307,0.0,0.9487101423076924,10829.0,0.012063695062229015
VT,2004,11364.0,0.0,840003.0,555136.3228064976,33381.90561538462,32535.412461538464,3.7589153923076926,0.56934947,0.55866826,0.0,0.0,1.0,0.9493074146153847,0.0,0.9501290484615385,11364.0,0.013528523112417456
VT,2005,11486.0,0.0,915928.0,610921.5113071139,33990.93615384615,33335.55915384615,3.569878507692308,1.0,1.0,0.0,0.0,1.0,0.9514638584615385,0.0,0.9514638584615385,11486.0,0.012540287009459259
VT,2006,10688.0,0.0,1059523.0,535379.0056296735,34371.64184615384,35768.80407692307,3.7344718923076927,1.0,1.0,0.0,0.0,1.0,1.0,0.0,0.9547269,10688.0,0.010087558269145643
VT,2007,10511.0,0.0,930414.0,,34889.254076923076,38131.68323076923,4.027869692307693,1.0,1.0,0.0,0.0,1.0,1.0,0.0,0.9923976015384616,10511.0,0.011297121496452118
WA,2001,0.0,0.0,39111291.0,14973540.710471267,36631.560391304345,32093.397173913043,6.162463017391304,0.0,0.0,3.2498916e-05,1.0,1.0,0.0,0.019243614782608696,0.023970891304347822,0.0,0.0
WA,2002,37754.0,0.0,49693984.0,12164547.033610621,36500.75943478261,32377.833130434785,7.223557717391304,0.0,0.0,3.540392e-05,1.0,1.0,0.0,0.02069726695652174,0.02470287565217391,37754.0,0.0007597297894248124
WA,2003,124300.0,0.0,44830761.0,14531850.076078687,36748.68052173913,32991.32056521739,7.341501478260869,0.0,0.0,2.7483577e-05,1.0,1.0,0.0,0.020167966086956524,0.024343839130434784,124300.0,0.0027726497883897175
WA,2004,152537.00000000003,0.0,46224431.0,14458876.75890378,37257.027863636366,35078.554954545456,6.2116727272727275,0.0,0.0,3.4262044e-05,1.0,1.0,0.0,0.016844565000000002,0.02175487181818182,152537.00000000003,0.003299921636677367
WA,2005,147348.00000000003,0.0,47075506.0,14419724.336593775,38591.05931818182,36012.14754545455,5.517969409090909,0.4668908,0.0,3.2659562e-05,1.0,1.0,0.005837296818181819,0.02122230909090909,0.02556564545454545,147348.00000000003,0.0031300353946275166
WA,2006,164513.00000000003,0.0,52053562.0,10208961.97563881,39310.76536363636,38393.075454545455,4.9286077909090915,1.0,0.0,3.493797e-05,1.0,1.0,0.9292955736363637,0.021161663636363636,0.02524988181818182,164513.00000000003,0.0031604561470740472
WA,2007,162716.00000000003,0.0,50713201.0,,40349.48954545455,40896.86468181818,4.547269354545455,1.0,0.0,3.4174718e-05,1.0,1.0,0.92909982,0.025445634545454544,0.031685172727272726,162716.00000000003,0.003208553133926609
WI,2001,43764.0,0.0,71542738.0,50981095.081591725,32776.782594594595,29278.316972972978,4.343534678378378,1.0,1.0,1.0,1.0,1.0,0.9167207896216215,0.014026272972972974,0.0937996,43764.0,0.0006117182711122966
WI,2002,46180.0,0.0,71479279.0,50912322.979148306,33141.28335135135,29896.18154054054,5.228132972972973,1.0,1.0,1.0,1.0,1.0,0.9142727607297297,0.02702702702702703,0.09966933171891892,46180.0,0.0006460613571661796
WI,2003,42736.0,0.0,72494915.0,50339764.76659563,33645.97239473684,30557.649315789477,5.516618518421052,1.0,1.0,1.0,1.0,1.0,0.8909559763157895,0.02631578947368421,0.12280669675789473,42736.0,0.0005895034155154193
WI,2004,43376.998999999996,0.0,73695009.0,52430177.3926172,34297.35836842105,31687.301921052633,4.994682523684211,1.0,1.0,1.0,1.0,1.0,0.8903899206842105,0.02631578947368421,0.12708334174473684,43376.998999999996,0.0005886015835889238
WI,2005,155481.398209,0.0,71190277.0,56023236.30196203,34563.588342105264,32690.66265789474,4.7728808473684206,1.0,1.0,1.0,1.0,1.0,0.890070419236842,0.10388990184210527,0.12481564068421051,155481.398209,0.002184025751283423
WI,2006,261965.109,0.0,67118573.0,51006923.95952903,34946.95894736842,34400.467000000004,4.6263899526315795,1.0,1.0,1.0,1.0,1.0,0.9678220010526315,0.10395577815789474,0.9909133894736842,261965.109,0.0039030196455458015
WI,2007,253686.61,0.0,66423269.0,,35151.58973684211,36240.136394736845,4.623111392105264,1.0,1.0,1.0,1.0,1.0,0.9747080526315789,0.10389905447368421,0.9909133894736842,253686.61,0.003819243072785231
WY,2001,0.0,0.0,181339.0,45571330.0,36747.0,30374.0,3.9,0.0,0.0,0.0,0.0,1.0,0.0,0.0,0.0,0.0,0.0
WY,2002,0.0,0.0,170564.0,44513608.0,37014.0,31115.0,4.2,0.0,0.0,0.0,0.0,1.0,0.0,0.0,0.0,0.0,0.0
WY,2003,0.0,0.0,200240.0,45341254.0,37769.0,32902.0,4.5,0.0,0.0,0.0,0.0,1.0,1.0,0.0,0.0,0.0,0.0
WY,2004,0.0,0.0,179378.0,39742823.25,37146.5,34442.25,3.9,0.0,0.0,0.0,0.0,1.0,0.75,0.0,0.0,0.0,0.0
WY,2005,0.0,0.0,190558.0,45430581.0,38396.0,38755.0,3.7000000000000006,0.0,0.0,0.0,0.0,1.0,1.0,0.0,0.0,0.0,0.0
WY,2006,0.0,0.0,199068.0,45215552.0,40380.0,43381.0,3.2999999999999994,0.0,0.0,0.0,0.0,1.0,1.0,0.0,0.0,0.0,0.0
WY,2007,0.0,0.0,181876.0,,40271.0,47047.0,2.9,0.0,0.0,0.0,0.0,1.0,1.0,0.0,0.0,0.0,0.0
